1,0.843522825715546,1.23622480604407,0.450820845387026,0.762911451280551,0.762911451280551,0.21603796264035,0.762911451280551,-0.21603796264035
2,0.948297075051265,1.46565450105709,0.430939649045441,0.779930919672815,0.779930919672815,0.265621946363328,0.779930919672815,-0.265621946363328
3,1.03863899592671,1.60215749174529,0.475120500108123,0.848975040934176,0.848975040934176,0.28139819424368,0.848975040934176,-0.28139819424368
4,1.0371143696215,1.43103837469868,0.643190364544317,0.942255211848511,0.942255211848511,0.325854516574205,0.942255211848511,-0.325854516574205
5,1.46698324378461,2.42380163040992,0.510164857159303,1.13741998072027,1.13741998072027,0.577141058846916,1.13741998072027,-0.577141058846916
6,1.54071471846193,2.84039495362176,0.241034483302091,1.22534652249345,1.22534652249345,0.547763972112894,1.22534652249345,-0.547763972112894
7,1.48979692163652,2.37148113136962,0.608112711903406,1.41808503971325,1.41808503971325,0.578497185767142,1.41808503971325,-0.578497185767142
8,1.5522192408201,2.46081088547145,0.64362759616875,1.519737461159,1.519737461159,0.746542705918235,1.519737461159,-0.746542705918235
9,1.76630256785612,2.55377977421026,0.978825361501976,1.67991975536453,1.67991975536453,0.723027347985175,1.67991975536453,-0.723027347985175
10,1.63365357302856,2.61013112332381,0.657176022733308,1.7631025871875,1.7631025871875,0.844439646995948,1.7631025871875,-0.844439646995948
11,1.90341593680821,3.3658032483784,0.441028625238011,1.76673671087396,1.76673671087396,0.86763046698293,1.76673671087396,-0.86763046698293
12,1.68291117647933,2.98009441886001,0.385727934098643,1.67988608020615,1.67988608020615,0.83577762535515,1.67988608020615,-0.83577762535515
13,1.29597595140043,2.01912964857138,0.572822254229482,1.56823872813939,1.56823872813939,0.836237466816231,1.56823872813939,-0.836237466816231
14,1.31211558989386,2.05972072321839,0.564510456569322,1.474383937713,1.474383937713,0.557575931373243,1.474383937713,-0.557575931373243
15,1.18260507100379,1.8723016442259,0.49290849778169,1.29936230166437,1.29936230166437,0.542825206555393,1.29936230166437,-0.542825206555393
16,1.22003909532916,1.89056846929099,0.549509721367335,1.27766562465005,1.27766562465005,0.568403384855705,1.27766562465005,-0.568403384855705
17,1.35710498052198,2.36444279397354,0.349767167070423,1.36654546043802,1.36654546043802,0.729668911111398,1.36654546043802,-0.729668911111398
18,1.5659131347974,2.6024010705713,0.529425199023503,1.3836591795276,1.3836591795276,0.746450279600024,1.3836591795276,-0.746450279600024
19,1.50246034686102,2.2988016066002,0.706119087121831,1.41779443742836,1.41779443742836,0.723905118330212,1.41779443742836,-0.723905118330212
20,1.57991516877501,2.48222741227804,0.677602925271973,1.59315229556752,1.59315229556752,0.779264132007094,1.59315229556752,-0.779264132007094
21,1.67446800296404,2.9749516797668,0.373984326161282,1.59922912957472,1.59922912957472,0.964086814334586,1.59922912957472,-0.964086814334586
22,1.87063400407901,3.05573049221211,0.685537515945913,1.66775732169008,1.66775732169008,0.840065467352077,1.66775732169008,-0.840065467352077
23,1.54598822771119,2.43776214408778,0.654214311334596,1.58643297156546,1.58643297156546,0.835747542438679,1.58643297156546,-0.835747542438679
24,1.7049381573622,3.04019664980244,0.369679664921964,1.67454118429766,1.67454118429766,0.965996716318768,1.67454118429766,-0.965996716318768
25,1.70122412873566,3.04649021502139,0.355958042449924,1.66344651871034,1.66344651871034,0.86429641344519,1.66344651871034,-0.86429641344519
26,1.3489838666761,2.03121432500276,0.666753408349432,1.54958451837191,1.54958451837191,0.926313877957803,1.54958451837191,-0.926313877957803
27,1.35409053574999,2.1864454489117,0.521735622588282,1.49977015431445,1.49977015431445,0.776857653612806,1.49977015431445,-0.776857653612806
28,1.30291061869983,2.09433809468263,0.511483142717039,1.36416947814305,1.36416947814305,0.78179295414424,1.36416947814305,-0.78179295414424
29,1.28760595143447,2.17041760070734,0.404794302161603,1.40027358581693,1.40027358581693,0.79072019775052,1.40027358581693,-0.79072019775052
30,1.30065929763659,2.14539862012396,0.455919975149218,1.32050825058568,1.32050825058568,0.906265272093758,1.32050825058568,-0.906265272093758
31,1.25916938639225,1.86037927608664,0.65795949669786,1.40427522086363,1.40427522086363,0.937659350608757,1.40427522086363,-0.937659350608757
32,1.23928617879536,2.01807130852335,0.460501049067374,1.37623859853765,1.37623859853765,0.847094668169698,1.37623859853765,-0.847094668169698
33,1.23272431539095,1.86474972394774,0.600698906834161,1.33127674809484,1.33127674809484,0.693625874521186,1.33127674809484,-0.693625874521186
34,1.32580821918311,2.05065019421912,0.600966244147096,1.47931078524424,1.47931078524424,0.872634012394214,1.47931078524424,-0.872634012394214
35,1.61773545689079,3.32453899756524,-0.0890680837836575,1.51074918603845,1.51074918603845,0.831128156963551,1.51074918603845,-0.831128156963551
36,1.35653576042075,2.20285821630937,0.51021330453213,1.62441225415445,1.62441225415445,1.34317634683833,1.62441225415445,-1.34317634683833
37,1.56835595248115,2.79174392989188,0.344967975070413,1.98887420376246,1.98887420376246,2.83496896803138,1.98887420376246,-2.83496896803138
38,1.44941511749857,2.14969190959968,0.749138325397464,1.85219662183492,1.85219662183492,1.22144684245705,1.85219662183492,-1.22144684245705
39,1.72585419528497,3.19712605956077,0.254582331009172,1.72858735674239,1.72858735674239,1.10195844106592,1.72858735674239,-1.10195844106592
40,1.48432186373144,2.37154780646117,0.597095921001706,1.8870524905054,1.8870524905054,1.47723058560752,1.8870524905054,-1.47723058560752
41,1.68939424758512,2.86912495784742,0.50966353732283,1.90170014592671,1.90170014592671,1.31495984396794,1.90170014592671,-1.31495984396794
42,1.54896117357434,2.53329617566461,0.564626171484075,1.72935184736236,1.72935184736236,0.845744827229833,1.72935184736236,-0.845744827229833
43,1.52227006760104,2.26103981878214,0.783500316419946,1.76723497768106,1.76723497768106,0.789196631811073,1.76723497768106,-0.789196631811073
44,1.40405666252462,2.03146324459532,0.776650080453925,1.77227027371529,1.77227027371529,0.875237682029777,1.77227027371529,-0.875237682029777
45,1.77357962198438,2.90129791009764,0.645861333871119,2.03101466058768,2.03101466058768,1.40282661261496,2.03101466058768,-1.40282661261496
46,1.54236898243027,2.48618123131605,0.598556733544485,1.71546424115891,1.71546424115891,1.12744729354742,1.71546424115891,-1.12744729354742
47,1.60447591359142,2.41417982667282,0.794772000510015,1.79573326358557,1.79573326358557,1.04970438030007,1.79573326358557,-1.04970438030007
48,1.59536784613402,2.54343140321048,0.647304289057555,1.81166895447701,1.81166895447701,1.8235146291424,1.81166895447701,-1.8235146291424
49,1.6838189190422,2.58455713261676,0.783080705467638,1.68188008557939,1.68188008557939,1.40429347379224,1.68188008557939,-1.40429347379224
50,1.56580936434032,2.50012786164683,0.631490867033809,1.68042018962985,1.68042018962985,1.33280913020069,1.68042018962985,-1.33280913020069
51,1.72287595128699,2.8771787317069,0.568573170867088,1.92042109237948,1.92042109237948,1.27764656887916,1.92042109237948,-1.27764656887916
52,1.70634213589239,3.20693634801611,0.205747923768673,1.93752145482925,1.93752145482925,1.82290345546944,1.93752145482925,-1.82290345546944
53,1.53295796077016,2.59638286429334,0.469533057246984,1.64708460370961,1.64708460370961,1.34600619933989,1.64708460370961,-1.34600619933989
54,1.47211681106201,2.17062584379929,0.77360777832473,1.65938378988391,1.65938378988391,1.00390668148042,1.65938378988391,-1.00390668148042
55,1.34578145551252,2.02790253787881,0.663660373146218,1.58226392257525,1.58226392257525,0.891879712071667,1.58226392257525,-0.891879712071667
56,1.48969068559024,2.48029068593517,0.499090685245308,1.59656176787946,1.59656176787946,0.900996873795746,1.59656176787946,-0.900996873795746
57,1.44635130045458,2.24272022794237,0.649982372966799,1.45886182289565,1.45886182289565,0.780424581939502,1.45886182289565,-0.780424581939502
58,1.73089651420181,3.21672625974097,0.245066768662656,1.76810001837538,1.76810001837538,1.16123825538955,1.76810001837538,-1.16123825538955
59,1.50035928606765,2.41460670046958,0.586111871665723,1.82330530118191,1.82330530118191,1.03736180877088,1.82330530118191,-1.03736180877088
60,1.53899905654739,2.46400704440264,0.613991068692133,2.04228804570579,2.04228804570579,1.85824912289134,2.04228804570579,-1.85824912289134
61,1.65386271932743,2.7682558339183,0.539469604736547,1.76521299988473,1.76521299988473,1.02209068847892,1.76521299988473,-1.02209068847892
62,1.53058532506735,2.33197489567372,0.729195754460979,1.70271424257868,1.70271424257868,1.29144289427725,1.70271424257868,-1.29144289427725
63,1.57957947857651,3.00464922714699,0.154509730006033,1.90525905614321,1.90525905614321,1.48765644383968,1.90525905614321,-1.48765644383968
64,1.37263624685928,2.07724085809129,0.668031635627266,1.43103931356301,1.43103931356301,0.681539238163234,1.43103931356301,-0.681539238163234
65,1.4243729189112,2.45886124574138,0.389884592081025,1.65943346875521,1.65943346875521,0.998178139766017,1.65943346875521,-0.998178139766017
66,1.35792118138309,2.20288780736401,0.512954555402172,1.4493242050629,1.4493242050629,0.816473901088344,1.4493242050629,-0.816473901088344
67,1.36257174667329,2.29949968952385,0.425643803822721,1.37879784368103,1.37879784368103,0.899408972907654,1.37879784368103,-0.899408972907654
68,1.24652223630509,2.00827782068789,0.484766651922285,1.31974189189129,1.31974189189129,0.760716569749091,1.31974189189129,-0.760716569749091
69,1.29163255577482,2.1145715218777,0.468693589671946,1.36145390352771,1.36145390352771,0.992024381666175,1.36145390352771,-0.992024381666175
70,1.21358850340111,1.88907850172115,0.538098505081056,1.50334655057502,1.50334655057502,1.19442279555511,1.50334655057502,-1.19442279555511
71,1.3677058099729,2.1710915648618,0.564320055083997,1.41662551715871,1.41662551715871,0.955646500813921,1.41662551715871,-0.955646500813921
72,1.18110692195922,1.92067783223192,0.441536011686516,1.6737580542964,1.6737580542964,2.58078112140144,1.6737580542964,-2.58078112140144
73,1.41960188759546,2.37642834681676,0.462775428374152,1.64084196980958,1.64084196980958,1.40356558486123,1.64084196980958,-1.40356558486123
74,1.28337405557401,2.04806430507971,0.51868380606831,1.59277290789288,1.59277290789288,1.20404799438779,1.59277290789288,-1.20404799438779
75,1.05678016661061,1.28337655659449,0.830183776626737,1.25476542607511,1.25476542607511,1.25783220543439,1.25476542607511,-1.25783220543439
76,1.0749593868844,1.52186223926733,0.628056534501462,1.15111738386011,1.15111738386011,0.674345519593228,1.15111738386011,-0.674345519593228
77,1.07681456983314,1.3406508177981,0.812978321868182,1.07977443646394,1.07977443646394,0.31247925392607,1.07977443646394,-0.31247925392607
78,1.09598902676666,1.40691730311153,0.785060750421804,1.11398241012586,1.11398241012586,0.444904057790562,1.11398241012586,-0.444904057790562
79,1.12296898231508,1.38477615881909,0.861161805811073,1.2164593686314,1.2164593686314,1.12297625862907,1.2164593686314,-1.12297625862907
80,15.5257267875852,27.6482826653029,3.4031709098676,7.6188771338738,7.6188771338738,7.19011350932863,7.6188771338738,-7.19011350932863
81,5.27797694558525,8.78225883951609,1.7736950516544,14.4579434886643,14.4579434886643,29.490633612868,14.4579434886643,-29.490633612868
82,8.11819112326887,14.6022383972151,1.63414384932262,15.2777614913091,15.2777614913091,27.8202837490588,15.2777614913091,-27.8202837490588
83,2.63462454169642,4.25745964315485,1.011789440238,28.0213341035795,28.0213341035795,100.284040365125,28.0213341035795,-100.284040365125
84,5.19100516785016,9.10712806196788,1.27488227373245,19.0496098166895,19.0496098166895,28.8959822780385,19.0496098166895,-28.8959822780385
85,1.48609941934218,2.30440294221748,0.667795896466876,4.19011570873624,4.19011570873624,4.7234658272592,4.19011570873624,-4.7234658272592
86,1.50099474769288,2.3916888322949,0.610300663090854,4.67262564873238,4.67262564873238,7.03580796246774,4.67262564873238,-7.03580796246774
87,1.54366397228218,2.71702542993139,0.370302514632966,5.16539340018057,5.16539340018057,5.72984668724911,5.16539340018057,-5.72984668724911
88,1.5365935281883,2.82401603631281,0.249171020063786,4.17771394636243,4.17771394636243,4.27286766588262,4.17771394636243,-4.27286766588262
89,1.56737097442157,2.61153952598858,0.523202422854565,4.5523785867137,4.5523785867137,4.85688396693862,4.5523785867137,-4.85688396693862
90,1.4765269798412,2.50976553519313,0.44328842448927,5.0994921110846,5.0994921110846,6.27556215132673,5.0994921110846,-6.27556215132673
91,1.4976223189306,2.41947264836041,0.575771989500795,4.5104636344825,4.5104636344825,4.9245711217261,4.5104636344825,-4.9245711217261
92,1.43367933819884,2.29913796222233,0.568220714175346,5.68606528316893,5.68606528316893,6.8676381024577,5.68606528316893,-6.8676381024577
93,1.42387273847505,2.23363573371173,0.614109743238367,5.51577721011119,5.51577721011119,7.297833157371,5.51577721011119,-7.297833157371
94,1.31235368076999,2.40424354184013,0.220463819699854,6.56927315946248,6.56927315946248,11.034610387221,6.56927315946248,-11.034610387221
95,1.53458956961063,2.5513388853265,0.517840253894763,6.53621516555662,6.53621516555662,11.2279569911384,6.53621516555662,-11.2279569911384
96,1.59069922023231,2.60703119851516,0.574367241949458,6.34481829102761,6.34481829102761,8.53705850887656,6.34481829102761,-8.53705850887656
97,1.67283949767012,3.10028178094904,0.245397214391202,7.5365652020256,7.5365652020256,18.710740276909,7.5365652020256,-18.710740276909
98,1.5024516691022,2.59138616314046,0.413517175063948,6.64269252617642,6.64269252617642,11.4875210596775,6.64269252617642,-11.4875210596775
99,1.46768797161197,2.27887050727561,0.656505435948339,7.71926380645943,7.71926380645943,17.367605360334,7.71926380645943,-17.367605360334
100,1.72026009844471,3.2304055987979,0.210114598091515,7.05260754836284,7.05260754836284,9.95761016979119,7.05260754836284,-9.95761016979119
101,1.38657739354563,2.13838185875702,0.63477292833425,7.52390493922335,7.52390493922335,15.6694797710713,7.52390493922335,-15.6694797710713
102,1.44188198841412,2.29512063493029,0.588643341897944,5.57052133815638,5.57052133815638,6.99204767718325,5.57052133815638,-6.99204767718325
103,1.53897083597803,2.63385122318283,0.444090448773234,5.04472606142198,5.04472606142198,4.99373404064938,5.04472606142198,-4.99373404064938
104,1.36119744697389,2.01936296937181,0.703031924575959,6.26892972375865,6.26892972375865,9.08371874998947,6.26892972375865,-9.08371874998947
105,1.40901607191496,2.04395516983122,0.774076973998694,6.15382391482511,6.15382391482511,7.63010377733812,6.15382391482511,-7.63010377733812
106,1.36935225026157,2.24807783130562,0.490626669217521,6.29377636516277,6.29377636516277,9.09079193248614,6.29377636516277,-9.09079193248614
107,1.42827360697951,2.62951335594525,0.227033858013766,6.698159307192,6.698159307192,8.73965852722566,6.698159307192,-8.73965852722566
108,1.31836166268784,2.06537373740688,0.5713495879688,7.56250878043747,7.56250878043747,12.375493832723,7.56250878043747,-12.375493832723
109,1.74226425756969,3.5346726084928,-0.0501440933534305,9.33459922200156,9.33459922200156,25.3949944744393,9.33459922200156,-25.3949944744393
110,1.36881041121206,2.12996933795878,0.607651484465349,7.05496152662154,7.05496152662154,9.63552505752331,7.05496152662154,-9.63552505752331
111,1.35667896844174,2.21849609535907,0.494861841524407,6.41389745678365,6.41389745678365,6.25046011627092,6.41389745678365,-6.25046011627092
112,1.49881340650336,2.48019396651356,0.517432846493164,6.92744293992361,6.92744293992361,8.18505850087216,6.92744293992361,-8.18505850087216
113,1.48825275199564,2.32773633188008,0.648769172111209,6.92579622993183,6.92579622993183,8.32559333868534,6.92579622993183,-8.32559333868534
114,1.31493908580705,2.06860666047672,0.561271511137383,6.65023960912426,6.65023960912426,7.85854118011325,6.65023960912426,-7.85854118011325
115,1.50037263708085,2.73170143205219,0.2690438421095,9.85911274603551,9.85911274603551,19.1281755874319,9.85911274603551,-19.1281755874319
116,1.5800382914552,2.61045922842756,0.549617354482833,7.30950646775606,7.30950646775606,8.39949639326321,7.30950646775606,-8.39949639326321
117,1.42552186262084,2.53183980880657,0.319203916435107,12.0387992959071,12.0387992959071,26.0256708323365,12.0387992959071,-26.0256708323365
118,1.40804217173025,2.34248838717834,0.473595956282168,8.24272391366639,8.24272391366639,10.7151626076998,8.24272391366639,-10.7151626076998
119,1.21115825637122,1.93731313552565,0.485003377216783,11.9856777323018,11.9856777323018,31.6791462606232,11.9856777323018,-31.6791462606232
120,1.41996046513738,2.3708096187243,0.469111311550463,7.40120467228812,7.40120467228812,9.10932239483931,7.40120467228812,-9.10932239483931
121,1.47986130891157,2.42457712567277,0.535145492150366,10.6191590218659,10.6191590218659,21.9247357100926,10.6191590218659,-21.9247357100926
122,1.42244443745438,2.36508928131028,0.47979959359847,9.30852924826609,9.30852924826609,17.4045220644759,9.30852924826609,-17.4045220644759
123,1.37439901965256,2.33368425859172,0.415113780713401,7.24894666533964,7.24894666533964,8.66884958508089,7.24894666533964,-8.66884958508089
124,1.39011013760024,2.12632927740762,0.653890997792862,7.01455750885864,7.01455750885864,7.90336219676316,7.01455750885864,-7.90336219676316
125,1.76953057150122,3.22220108276473,0.316860060237714,8.46975682207129,8.46975682207129,10.0463752584026,8.46975682207129,-10.0463752584026
126,1.54216320249452,3.14318543748689,-0.0588590324978431,7.18785883277991,7.18785883277991,8.71223648416347,7.18785883277991,-8.71223648416347
127,1.66305866194597,2.68215402265407,0.643963301237868,7.80559431541476,7.80559431541476,9.77700240987837,7.80559431541476,-9.77700240987837
128,1.39830367993236,2.2049835950507,0.591623764814014,7.77495086003221,7.77495086003221,10.2691214758722,7.77495086003221,-10.2691214758722
129,1.36605130138115,2.24226665824068,0.489835944521626,7.93680115853627,7.93680115853627,8.90052952090958,7.93680115853627,-8.90052952090958
130,1.49969321560287,2.42665811287006,0.572728318335685,7.41681702958277,7.41681702958277,7.66322960258229,7.41681702958277,-7.66322960258229
131,1.53651088943913,2.46106820225113,0.611953576627121,7.44620540513463,7.44620540513463,9.40346910338821,7.44620540513463,-9.40346910338821
132,1.59677081761251,2.56751053252718,0.626031102697852,8.08637923630623,8.08637923630623,9.00362633062839,8.08637923630623,-9.00362633062839
133,1.59033753775494,2.85644441972868,0.324230655781203,7.27952708714582,7.27952708714582,7.72198397526879,7.27952708714582,-7.72198397526879
134,1.3971448603331,2.16979391679744,0.62449580386876,7.3342860925541,7.3342860925541,9.18590398029486,7.3342860925541,-9.18590398029486
135,1.25023236070362,1.88767924857778,0.612785472829457,8.5349382657473,8.5349382657473,12.8195822894556,8.5349382657473,-12.8195822894556
136,1.66130899593678,2.67719660639183,0.645421385481729,10.4458552924899,10.4458552924899,24.4298948864763,10.4458552924899,-24.4298948864763
137,1.64275606172765,2.71236463299704,0.573147490458259,10.2522167849115,10.2522167849115,17.0430902925265,10.2522167849115,-17.0430902925265
138,1.51094048536674,2.4689911004028,0.552889870330686,8.84660166860075,8.84660166860075,13.4362487702915,8.84660166860075,-13.4362487702915
139,1.56348949634232,2.76636751654954,0.360611476135093,9.4625559941229,9.4625559941229,14.3434953933241,9.4625559941229,-14.3434953933241
140,1.4470196985741,2.35347897532046,0.540560421827752,7.9329596160092,7.9329596160092,10.5422336812226,7.9329596160092,-10.5422336812226
141,1.42917874005806,2.21809661677098,0.640260863345135,8.30711554269527,8.30711554269527,10.6433984966515,8.30711554269527,-10.6433984966515
142,1.65575036781858,2.58208192622654,0.729418809410616,8.01317200252116,8.01317200252116,8.04073725901348,8.01317200252116,-8.04073725901348
143,1.52945756356279,2.44109689277809,0.6178182343475,8.86224905233985,8.86224905233985,14.0011450587033,8.86224905233985,-14.0011450587033
144,1.58744221008141,2.53305480643251,0.641829613730318,7.45567094215666,7.45567094215666,7.37388314070795,7.45567094215666,-7.37388314070795
145,1.74076359147189,2.86043080986726,0.62109637307651,9.91772618603781,9.91772618603781,13.5901150310028,9.91772618603781,-13.5901150310028
146,1.63354351727896,2.5846209529892,0.682466081568729,8.32427528889449,8.32427528889449,9.95250186829129,8.32427528889449,-9.95250186829129
147,1.55717883770593,2.7198123105934,0.39454536481847,8.35546914764284,8.35546914764284,8.49610165211435,8.35546914764284,-8.49610165211435
148,1.76614088300723,3.85344626773035,-0.321164501715877,8.3834919560174,8.3834919560174,9.1393860861157,8.3834919560174,-9.1393860861157
149,1.60481990584224,2.76373195379356,0.445907857890925,9.06121786192318,9.06121786192318,9.79598374092188,9.06121786192318,-9.79598374092188
150,1.50143260598312,2.44715997475463,0.555705237211607,8.40264610970885,8.40264610970885,9.20847264788664,8.40264610970885,-9.20847264788664
151,1.40397311184499,2.31357131841001,0.49437490527996,7.41146591267287,7.41146591267287,8.45725948517668,7.41146591267287,-8.45725948517668
152,1.39404044095053,2.12269753182319,0.66538335007787,8.49288258243775,8.49288258243775,10.1945122419071,8.49288258243775,-10.1945122419071
153,1.6036116859844,2.4768804805555,0.730342891413309,9.25990757203606,9.25990757203606,10.7368787412249,9.25990757203606,-10.7368787412249
154,1.43893303309265,2.26656527019126,0.611300795994039,10.4220419127987,10.4220419127987,14.1250557096341,10.4220419127987,-14.1250557096341
155,1.62177537078761,2.40834417284645,0.835206568728776,9.54273490634441,9.54273490634441,11.8859202737545,9.54273490634441,-11.8859202737545
156,1.67889937268807,2.94986346430849,0.40793528106765,9.61967286433493,9.61967286433493,14.3675781079666,9.61967286433493,-14.3675781079666
157,1.51363309343544,2.54190824997106,0.485357936899833,8.40130740376649,8.40130740376649,9.22719857435701,8.40130740376649,-9.22719857435701
158,1.56963210611941,2.66825551899926,0.471008693239557,8.66220315240571,8.66220315240571,11.4108741537615,8.66220315240571,-11.4108741537615
159,1.39570610790184,2.02474351862546,0.766668697178213,10.5376113841877,10.5376113841877,19.068982044579,10.5376113841877,-19.068982044579
160,1.63474586334722,2.64949385199629,0.619997874698148,9.53854348333716,9.53854348333716,17.0128901475952,9.53854348333716,-17.0128901475952
161,1.50660512280516,2.47480379381541,0.538406451794911,10.9387272592745,10.9387272592745,18.7990502779114,10.9387272592745,-18.7990502779114
162,1.58187711570279,2.41435141119842,0.749402820207171,8.42231901718922,8.42231901718922,8.13458246020771,8.42231901718922,-8.13458246020771
163,1.7305659557182,2.76060454131555,0.700527370120845,12.3179229441946,12.3179229441946,31.0543121547335,12.3179229441946,-31.0543121547335
164,1.57508455744285,2.52729102402819,0.62287809085751,8.39038925770472,8.39038925770472,8.08550418171992,8.39038925770472,-8.08550418171992
165,1.55000993657413,2.37579201608361,0.724227857064648,8.95858304108692,8.95858304108692,12.8057243673796,8.95858304108692,-12.8057243673796
166,1.62184205371412,2.70104206299718,0.542642044431066,10.3402566197098,10.3402566197098,14.3733689733702,10.3402566197098,-14.3733689733702
167,1.46788316474262,2.2098103636181,0.725955965867132,9.31598055393279,9.31598055393279,12.564506934372,9.31598055393279,-12.564506934372
168,1.35697690325295,1.98673482373547,0.727218982770426,7.31338896964597,7.31338896964597,6.58658205860666,7.31338896964597,-6.58658205860666
169,1.41470979160055,2.10745738347037,0.721962199730729,8.05746389975241,8.05746389975241,7.16554145838493,8.05746389975241,-7.16554145838493
170,1.55224040767806,2.45675514329997,0.647725672056149,7.27547616075443,7.27547616075443,6.70083469701167,7.27547616075443,-6.70083469701167
171,1.50555714576124,2.37342207772059,0.637692213801896,7.11684200465399,7.11684200465399,5.57154499627409,7.11684200465399,-5.57154499627409
172,1.74668315468018,2.8883751835802,0.604991125780157,7.75803981409515,7.75803981409515,6.84224476840161,7.75803981409515,-6.84224476840161
173,1.59820681022229,2.55682265515373,0.63959096529085,6.99133327045031,6.99133327045031,6.37965993740402,6.99133327045031,-6.37965993740402
174,1.65378828447554,2.90977299182163,0.397803577129449,7.52208594372105,7.52208594372105,7.18470314432179,7.52208594372105,-7.18470314432179
175,1.6332452031797,2.51988188781226,0.746608518547134,8.02981593508763,8.02981593508763,10.1259428369484,8.02981593508763,-10.1259428369484
176,1.87018884824768,3.18871149625808,0.551666200237278,7.7618012546166,7.7618012546166,9.38596990772394,7.7618012546166,-9.38596990772394
177,1.68773797565431,2.72849553264173,0.646980418666885,7.75066821298154,7.75066821298154,7.19545736640246,7.75066821298154,-7.19545736640246
178,1.73521698163571,2.92268760701169,0.547746356259733,8.35695610040114,8.35695610040114,9.21260493664746,8.35695610040114,-9.21260493664746
179,1.48305132831229,2.27410712059178,0.691995536032796,8.71283668003147,8.71283668003147,10.0957504046823,8.71283668003147,-10.0957504046823
180,1.75469586997445,2.86091380602512,0.648477933923784,8.50479404877245,8.50479404877245,8.9430648282058,8.50479404877245,-8.9430648282058
181,1.61872974601298,2.46153762398618,0.775921868039776,10.082796317091,10.082796317091,14.5078540355018,10.082796317091,-14.5078540355018
182,1.70700887459942,2.79678580048071,0.617231948718121,8.11880746925215,8.11880746925215,8.25829020114255,8.11880746925215,-8.25829020114255
183,1.77844360709038,3.12798325085903,0.428903963321733,7.90533721441948,7.90533721441948,8.21392060476656,7.90533721441948,-8.21392060476656
184,1.92762320394102,3.81548284218728,0.0397635656947541,6.86243120054691,6.86243120054691,5.58750171575437,6.86243120054691,-5.58750171575437
185,1.87997417081011,3.29762006091619,0.462328280704037,6.91419992432842,6.91419992432842,6.66053361354583,6.91419992432842,-6.66053361354583
186,1.68212897136565,2.55179125284843,0.81246668988287,7.28107106669974,7.28107106669974,7.52390050181803,7.28107106669974,-7.52390050181803
187,1.82963030092934,2.98724057704085,0.672020024817827,7.48063767207293,7.48063767207293,9.25603142019866,7.48063767207293,-9.25603142019866
188,1.78570078378291,3.05351696206794,0.517884605497873,7.01006116013614,7.01006116013614,7.82901549682065,7.01006116013614,-7.82901549682065
189,1.77599484312969,2.97464035706801,0.577349329191382,6.77379728446177,6.77379728446177,6.44028280996668,6.77379728446177,-6.44028280996668
190,1.74262587938203,3.00511842911061,0.480133329653445,4.90286296942721,4.90286296942721,3.79492671755469,4.90286296942721,-3.79492671755469
191,1.68533451596314,2.45234332317477,0.918325708751499,4.35606275709846,4.35606275709846,2.95278495651313,4.35606275709846,-2.95278495651313
192,1.6469125782638,2.60435988177578,0.68946527475183,4.1153866805759,4.1153866805759,2.97950739782285,4.1153866805759,-2.97950739782285
193,1.68086696439141,2.86150359665004,0.500230332132784,4.63431961925871,4.63431961925871,3.39157947034594,4.63431961925871,-3.39157947034594
194,1.81656830233446,2.85680652741666,0.776330077252253,3.81929971876212,3.81929971876212,2.39293383813845,3.81929971876212,-2.39293383813845
195,1.83416773048506,3.03205732059095,0.636278140379177,4.12217959365514,4.12217959365514,3.4232564037202,4.12217959365514,-3.4232564037202
196,1.59981952840165,2.46589126712011,0.733747789683199,3.89259388475981,3.89259388475981,3.2233829461649,3.89259388475981,-3.2233829461649
197,1.63389789157724,2.50273796379934,0.765057819355134,3.74254447807006,3.74254447807006,2.9163718855124,3.74254447807006,-2.9163718855124
198,1.56518983513955,2.27598305058334,0.854396619695762,3.70491907729321,3.70491907729321,2.97076022286785,3.70491907729321,-2.97076022286785
199,1.83561703063373,3.0692689774435,0.601965083823959,3.46706410632553,3.46706410632553,2.56957618726374,3.46706410632553,-2.56957618726374
200,1.53077552654146,2.35136963190626,0.710181421176669,3.57621647985206,3.57621647985206,3.56669612384996,3.57621647985206,-3.56669612384996
201,1.84170483548458,2.99184387424845,0.691565796720707,3.67406582675747,3.67406582675747,3.24184621185783,3.67406582675747,-3.24184621185783
202,1.72725841212183,2.74521125021113,0.709305574032535,3.6637124256361,3.6637124256361,2.90349044479588,3.6637124256361,-2.90349044479588
203,1.58054393774818,2.5033294829008,0.65775839259555,3.71647596471501,3.71647596471501,5.48838445018125,3.71647596471501,-5.48838445018125
204,1.74941667151166,2.9639421736119,0.534891169411414,3.79400426080256,3.79400426080256,4.17418233344164,3.79400426080256,-4.17418233344164
205,1.63384985218655,2.72621757917871,0.541482125194402,3.56822795472962,3.56822795472962,3.82713643830504,3.56822795472962,-3.82713643830504
206,1.76628659181066,3.1562348713711,0.376338312250208,3.35687943055281,3.35687943055281,2.89890212086113,3.35687943055281,-2.89890212086113
207,1.84133682412444,3.27433374645964,0.408339901789249,3.68701637055141,3.68701637055141,4.79944280559056,3.68701637055141,-4.79944280559056
208,1.67077721533524,2.59999643563108,0.741557995039411,3.61340967584345,3.61340967584345,6.15290119205742,3.61340967584345,-6.15290119205742
209,1.48250323245416,2.18088124218532,0.784125222723011,3.35435457669751,3.35435457669751,3.14704964870918,3.35435457669751,-3.14704964870918
210,1.66445700720634,2.643266581101,0.685647433311682,3.40938840673737,3.40938840673737,5.85001177527903,3.40938840673737,-5.85001177527903
211,1.72124340191534,2.57801711310547,0.864469690725223,3.19354595273207,3.19354595273207,3.56729936026573,3.19354595273207,-3.56729936026573
212,1.59924128122839,2.52295799912288,0.675524563333907,3.34984675360689,3.34984675360689,3.32540933792342,3.34984675360689,-3.32540933792342
213,1.6000298004549,2.92073521189949,0.279324389010311,3.20768402264501,3.20768402264501,3.34557537835136,3.20768402264501,-3.34557537835136
214,1.71650776653629,2.7779666836472,0.655048849425387,2.64471189701225,2.64471189701225,2.38206831326352,2.64471189701225,-2.38206831326352
215,1.52464415942972,2.27619406415774,0.773094254701698,2.8604510986693,2.8604510986693,2.54229369674429,2.8604510986693,-2.54229369674429
216,1.61762767516098,2.47455260540553,0.760702744916426,2.83414458371709,2.83414458371709,2.04296548996137,2.83414458371709,-2.04296548996137
217,1.59437025055922,2.63127213709221,0.557468364026232,2.57905079707997,2.57905079707997,2.78104898894802,2.57905079707997,-2.78104898894802
218,1.74427388121132,2.9603035938868,0.528244168535851,2.53616064955063,2.53616064955063,1.5651693202996,2.53616064955063,-1.5651693202996
219,1.83163108777526,2.77038581460099,0.892876360949536,2.51217683453648,2.51217683453648,1.29765466177356,2.51217683453648,-1.29765466177356
220,1.61505875108714,2.67231329852708,0.557804203647204,2.72628596291023,2.72628596291023,1.82346611161795,2.72628596291023,-1.82346611161795
221,1.65195260569586,2.46788325935228,0.836021952039435,2.82322093285738,2.82322093285738,2.23128200094009,2.82322093285738,-2.23128200094009
222,1.44391151078999,2.32634222638106,0.561480795198911,2.56168245852581,2.56168245852581,1.68777289504679,2.56168245852581,-1.68777289504679
223,1.70166363700555,3.03826705006547,0.365060223945626,2.67419316353162,2.67419316353162,2.33544408742441,2.67419316353162,-2.33544408742441
224,1.86166613891092,3.28501357323175,0.438318704590091,2.7989015096864,2.7989015096864,2.06734032541438,2.7989015096864,-2.06734032541438
225,1.89531977753877,3.42199309719389,0.368646457883646,2.70752578366395,2.70752578366395,2.27346127905242,2.70752578366395,-2.27346127905242
226,1.59545254737447,2.44308119248453,0.747823902264412,2.65060727108865,2.65060727108865,1.55831195508665,2.65060727108865,-1.55831195508665
227,1.80759988629849,3.22539266563108,0.389807106965906,2.4936419777252,2.4936419777252,1.84177143018725,2.4936419777252,-1.84177143018725
228,1.66278477739911,2.75526420888001,0.570305345918208,2.68808988272403,2.68808988272403,1.72063758408122,2.68808988272403,-1.72063758408122
229,1.620299715218,2.61051566702538,0.630083763410616,2.60614244187997,2.60614244187997,2.01398756311144,2.60614244187997,-2.01398756311144
230,1.49782759141254,2.49326861949346,0.502386563331629,2.20219388965173,2.20219388965173,1.59063168888198,2.20219388965173,-1.59063168888198
231,1.50645309958059,2.34531654078121,0.667589658379979,2.32023835297251,2.32023835297251,1.46982640062482,2.32023835297251,-1.46982640062482
232,1.50045223515667,2.33372012658409,0.667184343729252,2.25735737081924,2.25735737081924,1.75032080985099,2.25735737081924,-1.75032080985099
233,1.36759191761225,2.06890894923692,0.66627488598759,2.16887488360986,2.16887488360986,1.73554937002703,2.16887488360986,-1.73554937002703
234,1.59696767274854,2.54404169966343,0.649893645833658,2.23297490173995,2.23297490173995,1.67817132282442,2.23297490173995,-1.67817132282442
235,1.70492900879305,2.78111481808374,0.62874319950236,2.22828357812098,2.22828357812098,1.62960413263023,2.22828357812098,-1.62960413263023
236,1.62426031650695,2.96212630529055,0.28639432772335,2.28558798922985,2.28558798922985,1.70559658960483,2.28558798922985,-1.70559658960483
237,1.5529100810817,2.55292381710159,0.552896345061817,2.49637699291117,2.49637699291117,2.42051858317726,2.49637699291117,-2.42051858317726
238,1.61350244825295,2.48771009358223,0.739294802923673,2.36562856887351,2.36562856887351,1.78728395357086,2.36562856887351,-1.78728395357086
239,1.72959366073651,3.03903661777382,0.420150703699209,2.23643376597905,2.23643376597905,1.84939019311993,2.23643376597905,-1.84939019311993
240,1.73146662447981,2.7736625336089,0.689270715350719,2.57494448666552,2.57494448666552,2.04656782663411,2.57494448666552,-2.04656782663411
241,1.5983215847932,2.55980001037071,0.636843159215682,2.62892030484632,2.62892030484632,2.31817673000254,2.62892030484632,-2.31817673000254
242,1.90335171276152,3.57671914258434,0.229984282938708,2.57422790762452,2.57422790762452,2.07737663477098,2.57422790762452,-2.07737663477098
243,1.86563207688873,2.90298795202908,0.828276201748385,2.38856196316284,2.38856196316284,1.58146786958598,2.38856196316284,-1.58146786958598
244,1.6367519647946,2.46416091190981,0.809343017679398,2.40199627181059,2.40199627181059,1.59766581243379,2.40199627181059,-1.59766581243379
245,1.65938584451636,2.75063364492605,0.568138044106665,2.6306228218774,2.6306228218774,1.78982132466251,2.6306228218774,-1.78982132466251
246,1.467173066871,2.18143799535863,0.752908138383372,1.9582288923242,1.9582288923242,1.12728569481113,1.9582288923242,-1.12728569481113
247,1.56436009411445,2.30447008775232,0.824250100476582,1.90723245702969,1.90723245702969,1.36447763296796,1.90723245702969,-1.36447763296796
248,1.63168476134611,2.51073955709034,0.752629965601888,2.08448425606041,2.08448425606041,1.59476409504213,2.08448425606041,-1.59476409504213
249,1.55324344733198,2.56931387031868,0.537173024345276,2.14800833944504,2.14800833944504,1.65758158635976,2.14800833944504,-1.65758158635976
250,1.65916245217945,2.8376365017315,0.48068840262739,1.90370610483506,1.90370610483506,1.68733127597583,1.90370610483506,-1.68733127597583
251,1.61050467619614,2.50593219870101,0.71507715369127,1.76722047496179,1.76722047496179,1.26445589564634,1.76722047496179,-1.26445589564634
252,1.65204332234174,2.64185446250307,0.662232182180408,2.03132777414764,2.03132777414764,1.58867142069389,2.03132777414764,-1.58867142069389
253,1.7159357600573,2.71192391462392,0.719947605490667,2.09807411821805,2.09807411821805,1.84020291603199,2.09807411821805,-1.84020291603199
254,1.87848811862474,3.11863247329245,0.638343763957026,2.26284243127306,2.26284243127306,1.95349960501473,2.26284243127306,-1.95349960501473
255,1.66238327368134,2.62728639203683,0.697480155325852,2.20494239374227,2.20494239374227,2.50385812874851,2.20494239374227,-2.50385812874851
256,1.94246630219434,3.97422655960098,-0.0892939552123013,2.31732779115542,2.31732779115542,1.98216039564931,2.31732779115542,-1.98216039564931
257,2.04266168503216,3.60582092287577,0.479502447188552,2.23695860745881,2.23695860745881,1.97806870965457,2.23695860745881,-1.97806870965457
258,1.71896981297063,2.66914718128706,0.768792444654197,2.75449907073139,2.75449907073139,2.13311821569261,2.75449907073139,-2.13311821569261
259,1.7642513364811,3.0288873132971,0.499615359665108,2.21415883074507,2.21415883074507,1.60711313561954,2.21415883074507,-1.60711313561954
260,1.52596735342644,2.6488100517319,0.403124655120984,2.20594396466395,2.20594396466395,1.60492436072405,2.20594396466395,-1.60492436072405
261,1.57188586828977,2.37943992127071,0.764331815308825,2.24323016212473,2.24323016212473,2.11864027335296,2.24323016212473,-2.11864027335296
262,1.66534754599304,2.64673205082101,0.683963041165075,2.06463447015836,2.06463447015836,1.48686849295778,2.06463447015836,-1.48686849295778
263,1.78168739073469,2.86558514323831,0.697789638231072,2.38911948392176,2.38911948392176,2.0661455747859,2.38911948392176,-2.0661455747859
264,1.67853097889762,2.69744490154248,0.659617056252751,2.34464229308842,2.34464229308842,1.64798696067474,2.34464229308842,-1.64798696067474
265,2.01798264414659,3.76746426332479,0.268501024968382,2.26365734889616,2.26365734889616,1.33891087051933,2.26365734889616,-1.33891087051933
266,1.83517670788508,2.73460202525811,0.935751390512044,2.2059894265251,2.2059894265251,1.36488731509907,2.2059894265251,-1.36488731509907
267,1.72803061959385,2.70797134927923,0.748089889908474,2.27125781822975,2.27125781822975,1.46821657274048,2.27125781822975,-1.46821657274048
268,1.74865601879853,2.77064279506527,0.726669242531799,2.01324014258948,2.01324014258948,1.19442196348956,2.01324014258948,-1.19442196348956
269,1.75605750111468,3.24813377862332,0.263981223606046,2.28070845283672,2.28070845283672,1.53086357406673,2.28070845283672,-1.53086357406673
270,1.61233711746168,2.57580697054385,0.648867264379503,2.17131478403429,2.17131478403429,1.46006443037784,2.17131478403429,-1.46006443037784
271,2.05457999834702,3.47443533970709,0.634724656986956,2.53677377676013,2.53677377676013,1.98424854134996,2.53677377676013,-1.98424854134996
272,1.62595144680714,2.44150717619628,0.810395717417993,1.79606090406627,1.79606090406627,1.05661054634776,1.79606090406627,-1.05661054634776
273,1.70681420705561,2.54017514427612,0.873453269835102,1.84957010027912,1.84957010027912,1.0829284630754,1.84957010027912,-1.0829284630754
274,1.67071990581062,2.71796025101154,0.623479560609694,2.02550322308497,2.02550322308497,1.1922296468045,2.02550322308497,-1.1922296468045
275,1.57487037889062,2.4852337033669,0.664507054414345,2.15413638859623,2.15413638859623,1.55931774786803,2.15413638859623,-1.55931774786803
276,1.7690977065227,2.86881995648624,0.669375456559156,2.13182948760967,2.13182948760967,1.86345368599728,2.13182948760967,-1.86345368599728
277,1.55802869685823,2.44020327241845,0.675854121297997,2.03822086612798,2.03822086612798,1.66448036501317,2.03822086612798,-1.66448036501317
278,1.55519551581058,2.64010654961273,0.470284482008428,1.97984449614234,1.97984449614234,1.86585321568224,1.97984449614234,-1.86585321568224
279,1.53781223475141,2.43895828523649,0.636666184266335,2.32100095089574,2.32100095089574,1.8921327576836,2.32100095089574,-1.8921327576836
280,1.53147479193991,2.52975558801354,0.533193995866293,2.19865659940452,2.19865659940452,1.81072356356459,2.19865659940452,-1.81072356356459
281,1.68450949107122,2.81718284818588,0.551836133956565,1.80236491338922,1.80236491338922,1.2475494255515,1.80236491338922,-1.2475494255515
282,1.68372481078636,2.59482683970011,0.772622781872597,2.0370974882056,2.0370974882056,1.54721744797341,2.0370974882056,-1.54721744797341
283,1.70584952729485,2.80992027300186,0.601778781587835,2.03524641998695,2.03524641998695,1.45496154050481,2.03524641998695,-1.45496154050481
284,1.71016346229726,3.03685969100254,0.383467233591986,1.77587998533335,1.77587998533335,1.02664210616046,1.77587998533335,-1.02664210616046
285,1.53928011474796,2.46073810316661,0.617822126329309,1.82324151726054,1.82324151726054,1.01232336586168,1.82324151726054,-1.01232336586168
286,1.82269281358865,2.9661065653396,0.679279061837688,2.07855996165861,2.07855996165861,1.6175399208546,2.07855996165861,-1.6175399208546
287,1.97724387907812,3.25713441643613,0.697353341720122,2.1571317461781,2.1571317461781,1.73280512983781,2.1571317461781,-1.73280512983781
288,1.77549190631785,2.901390325427,0.6495934872087,2.31213410597775,2.31213410597775,1.88767268726443,2.31213410597775,-1.88767268726443
289,1.53315659001469,2.45963399473721,0.606679185292179,2.2063176971502,2.2063176971502,1.92959229987538,2.2063176971502,-1.92959229987538
290,1.71467156581505,2.8286843196444,0.600658811985694,2.12059488252963,2.12059488252963,1.53642495082767,2.12059488252963,-1.53642495082767
291,1.4940934855355,2.24466744075394,0.743519530317074,2.12666613321653,2.12666613321653,1.30128148455243,2.12666613321653,-1.30128148455243
292,1.5292126669138,2.39715819156133,0.661267142266266,2.10198012882893,2.10198012882893,1.23430600556283,2.10198012882893,-1.23430600556283
293,1.62485677641301,2.56245094215916,0.687262610666861,2.03702304002755,2.03702304002755,1.44445907618026,2.03702304002755,-1.44445907618026
294,1.51218778673465,2.47868421378317,0.545691359686135,2.07249660385099,2.07249660385099,2.65092537023919,2.07249660385099,-2.65092537023919
295,1.69862202845418,2.72650516507072,0.670738891837633,1.95160982249236,1.95160982249236,1.5419107932956,1.95160982249236,-1.5419107932956
